{"cameraMode":{"drawMode":0,"name":"Shaded","section":"Shading Mode"},"sceneLighting":false,"audioPlay":false,"sceneViewState":{"m_AlwaysRefresh":false,"showFog":true,"showSkybox":false,"showFlares":true,"showImageEffects":true,"showParticleSystems":true,"showVisualEffectGraphs":true,"m_FxEnabled":true},"in2DMode":false,"pivot":{"x":1.1920928955078126e-7,"y":0.6336728930473328,"z":-0.21189892292022706},"rotation":{"x":-0.2875051200389862,"y":0.3462594151496887,"z":-0.11237268894910813,"w":-0.8859037160873413},"size":0.8914594650268555,"orthographic":false}