{"cameraMode":{"drawMode":0,"name":"Shaded","section":"Shading Mode"},"sceneLighting":false,"audioPlay":false,"sceneViewState":{"m_AlwaysRefresh":false,"showFog":true,"showSkybox":false,"showFlares":true,"showImageEffects":true,"showParticleSystems":true,"showVisualEffectGraphs":true,"m_FxEnabled":true},"in2DMode":false,"pivot":{"x":8.940696716308594e-8,"y":0.6336756944656372,"z":-0.22259244322776795},"rotation":{"x":-0.2875051200389862,"y":0.3462594151496887,"z":-0.11237268894910813,"w":-0.8859037160873413},"size":0.8660253882408142,"orthographic":false}